,FB,,,,AAPL,,,,,,AMZN,,,,,NFLX,,,,,GOOGL,,,,,TSLA,,,,
Date,Open,High,Low,Close,Volume,Open,High,Low,Close,Volume,Open,High,Low,Close,Volume,Open,High,Low,Close,Volume,Open,High,Low,Close,Volume,Open,High,Low,Close,Volume
1/2/2020,206.75,209.79,206.27,209.78,12077100,73.55,74.64,73.29,74.57,135480400,1875,1898.01,1864.15,1898.01,4029000,326.1,329.98,324.78,329.81,4485800,1348.41,1368.68,1346.49,1368.68,1363900,84.9,86.14,84.34,86.05,47660500
1/3/2020,207.21,210.4,206.95,208.67,11188400,73.78,74.63,73.62,73.85,146322800,1864.5,1886.2,1864.5,1874.97,3764400,326.78,329.86,325.53,325.9,3806900,1348,1373.75,1347.32,1361.52,1170400,88.1,90.8,87.38,88.6,88892500
1/6/2020,206.7,212.78,206.52,212.6,17058900,72.94,74.48,72.69,74.44,118387200,1860,1903.69,1860,1902.88,4061800,323.12,336.36,321.2,335.83,5663100,1351.63,1398.32,1351,1397.81,2338400,88.09,90.31,88,90.31,50665000
1/7/2020,212.82,214.58,211.75,213.06,14912400,74.45,74.71,73.86,74.09,108872000,1904.5,1913.89,1892.04,1906.86,4044900,336.47,336.7,330.3,330.75,4703200,1400.46,1403.5,1391.56,1395.11,1716500,92.28,94.33,90.67,93.81,89410500
1/8/2020,213,216.24,212.61,215.22,13475000,73.78,75.59,73.78,75.28,132079200,1898.04,1911,1886.44,1891.97,3508000,331.49,342.7,331.05,339.26,7104500,1394.82,1411.85,1392.63,1405.04,1765700,94.74,99.7,93.65,98.43,155721500
1/9/2020,217.54,218.38,216.28,218.3,12642800,76.28,77.08,76.03,76.88,170108400,1909.89,1917.82,1895.8,1901.05,3167300,342,343.42,334.61,335.66,4709300,1421.93,1428.68,1410.21,1419.79,1660000,99.42,99.76,94.57,96.27,142202000
1/10/2020,219.2,219.88,217.42,218.06,12119400,77.12,77.63,76.53,77.05,140644800,1905.37,1906.94,1880,1883.16,2853700,337.13,338.5,327.27,329.05,4718300,1429.47,1434.94,1419.6,1428.96,1312900,96.36,96.99,94.74,95.63,64797500
1/13/2020,219.6,221.97,219.21,221.91,14463400,77.38,78.72,77.25,78.7,121532000,1891.31,1898,1880.8,1891.3,2780800,331.8,340.85,331.51,338.92,6290000,1435.25,1441.48,1425.37,1440.03,1536500,98.7,105.13,98.4,104.97,132588000
1/14/2020,221.61,222.38,218.63,219.06,13288900,78.63,78.85,77.51,77.63,161954400,1885.88,1887.11,1858.55,1869.44,3440900,344.4,345.38,335.52,338.69,7199400,1440,1442.63,1427.77,1430.59,1303800,108.85,109.48,104.98,107.58,144981000
1/15/2020,220.61,221.68,220.14,221.15,10036500,77.43,78.33,76.86,77.3,121923600,1872.25,1878.86,1855.09,1862.02,2896600,338.68,343.17,336.6,339.07,5158000,1433.02,1440.78,1431.66,1439.2,1077500,105.95,107.57,103.36,103.7,86844000
1/16/2020,222.57,222.63,220.39,221.77,10015300,77.86,78.38,77.49,78.27,108829200,1882.99,1885.59,1866.02,1877.94,2659500,343.5,343.56,335.85,338.62,5016000,1445.45,1450.7,1440,1450.16,1304000,98.75,102.89,98.43,102.7,108683500
1/17/2020,222.03,222.29,220.53,222.14,15905900,78.53,79.14,78.21,79.14,137816400,1885.89,1886.64,1857.25,1864.72,3997300,341,341.57,337.38,339.67,6066500,1462.54,1480.55,1456.55,1479.52,2621200,101.52,103.13,100.63,102.1,68145500
1/21/2020,222.16,222.37,219.12,221.44,14275800,78.75,79.21,78.46,78.6,110843200,1865,1894.27,1860,1892,3707800,340,341,332.59,338.11,14350300,1479,1489.88,1470.21,1482.25,2446500,106.05,109.72,105.68,109.44,89017500
1/22/2020,222.31,222.75,221.28,221.32,12212800,79.1,79.45,78.78,78.88,101832400,1896.09,1902.5,1883.34,1887.46,3216300,332.55,336.3,323.6,326,21730000,1489.73,1500.58,1482.66,1483.87,1422900,114.38,118.9,111.82,113.91,156845000
1/23/2020,220.75,221.49,219.27,219.76,11195000,78.94,79.34,78.37,79.26,104472000,1885.11,1889.98,1872.76,1884.58,2484600,326.04,349.88,325.01,349.6,18200300,1487.55,1493.5,1480.32,1484.69,1332500,112.85,116.4,111.12,114.44,98255000
1/24/2020,220.8,221.78,216.11,217.94,11905800,79.51,80.28,78.84,79.03,146537600,1891.37,1894.99,1847.44,1861.64,3766200,348.46,359.85,345.88,353.16,17939700,1492.82,1494.2,1463.18,1466.17,1489300,114.13,114.77,110.85,112.96,71768000
1/27/2020,213.1,216.06,212.5,214.87,13810700,76.98,77.41,75.7,76.71,161940000,1820,1841,1815.34,1828.34,3528500,345.95,351.9,341.02,342.88,7709500,1431.54,1436.58,1419.5,1431.73,1706600,108.4,112.89,107.86,111.6,68040500
1/28/2020,216.14,218.74,213.52,217.79,13413800,77.61,79.05,77.51,78.88,162234000,1840.5,1858.11,1830.02,1853.25,2808000,345.88,352.4,342.78,348.52,6821600,1441.74,1454.8,1430.36,1450.5,1486200,113.7,115.36,111.62,113.38,58942500
1/29/2020,221.44,224.2,218.45,223.23,33181300,80.56,81.4,79.79,80.53,216229200,1864,1874.75,1855.02,1858,2088000,349,349.4,338.55,343.16,7643500,1458.46,1464.14,1445.39,1456.7,1078300,115.14,117.96,113.49,116.2,89007500
1/30/2020,206.53,211.43,204.75,209.53,48775500,79.59,80.47,79.14,80.41,126743200,1858,1872.87,1850.61,1870.68,6327400,341.1,348.2,339.25,347.74,5328100,1438.1,1455.25,1435,1454.25,1355500,126.48,130.18,123.6,128.16,145028500
1/31/2020,208.43,208.69,201.06,201.91,31359900,79.68,80.12,76.54,76.85,199588400,2051.47,2055.72,2002.27,2008.72,15567300,347.39,347.39,340.98,345.09,5230000,1467.86,1469.67,1427.06,1432.78,2191100,128,130.6,126.5,130.11,78596500
2/3/2020,203.44,205.14,202.5,204.19,15510500,75.55,77.84,75.04,76.64,173985600,2010.6,2048.5,2000.25,2004.2,5899100,347.24,359.63,346.28,358,6674900,1461.65,1486.3,1456.61,1482.6,3608800,134.74,157.23,134.7,156,236167500
2/4/2020,206.62,210.6,205.2,209.83,19628900,78.29,79.36,77.87,79.17,136616400,2029.88,2059.8,2015.37,2049.67,5289300,361,369.57,356.1,369.01,7161500,1454.49,1467.34,1422.03,1445.41,4794000,176.59,193.8,166.78,177.41,304694000
2/5/2020,212.51,212.73,208.71,210.11,12538200,80.33,80.63,79.19,79.81,118826800,2071.02,2071.02,2032,2039.87,4376200,375.13,375.25,362.3,369.67,6437000,1463.61,1464.58,1429.68,1446.05,1818800,164.65,169.2,140.82,146.94,242119000
2/6/2020,210.47,211.19,209.34,210.85,10567500,80.09,80.75,79.52,80.75,105425600,2041.02,2056.3,2024.8,2050.23,3183000,369.6,371.55,362.51,366.95,3920400,1451.98,1481.56,1450.48,1475.97,1891100,139.98,159.17,137.4,149.79,199404000
2/7/2020,210.3,212.82,209.93,212.33,12242500,80.23,80.49,79.14,79.65,117684000,2041.99,2098.53,2038.1,2079.28,5095300,365.04,371.8,363.57,366.77,4385200,1467.39,1485.25,1465.41,1479.11,1418000,146.11,153.95,146,149.61,85317500
2/10/2020,211.52,213.8,210.66,213.06,11856400,78.19,80.03,78.11,80.03,109348800,2085.01,2135.6,2084.96,2133.91,5056200,365,374.8,362.52,371.07,5294100,1477.23,1508.88,1475.2,1508.66,1915100,160,164,150.48,154.26,123446000
2/11/2020,210.19,210.86,206.51,207.19,25030800,80.54,80.61,79.32,79.54,94323200,2150.9,2185.95,2136,2150.8,5746000,373.75,378.11,369.72,373.69,4772900,1513.27,1529.88,1505.45,1510.06,1742600,153.76,156.7,151.6,154.88,58487500
2/12/2020,207.85,211.22,207.4,210.76,13813700,80.01,81.44,80.01,81.43,113730400,2163.2,2180.25,2155.29,2160,3334300,377.18,380.62,375.88,380.01,4624800,1515.86,1520.3,1508.67,1518.63,1552100,155.57,157.95,152.67,153.46,60112500
2/13/2020,209.52,214.33,209.18,213.14,15396600,80.68,81.19,80.47,80.85,94747600,2144.99,2170.28,2142,2149.87,3031800,376.96,385.37,376.51,381.4,4485400,1510,1525.95,1504,1513.39,1145700,148.37,163.6,147,160.8,131446500
2/14/2020,214,214.93,212.65,214.18,10741700,80.82,81.13,80.35,80.87,80113600,2155.68,2159.04,2125.89,2134.87,2606200,381.47,385.15,379.43,380.4,3736300,1514.53,1520.05,1505.55,1518.73,1159900,157.44,162.59,157.1,160.01,78468500
2/18/2020,213.55,217.98,213.4,217.8,15609200,78.49,79.58,78.3,79.39,152531200,2125.02,2166.07,2124.11,2155.67,2945600,379.3,389.54,379.19,387.78,5173900,1514.34,1530.56,1511.01,1519.44,1282100,168.32,172,166.47,171.68,81908500
2/19/2020,217.99,218.32,216.11,217.49,12135100,79.64,80.78,79.64,80.54,93984000,2167.8,2185.1,2161.12,2170.22,2561200,388.12,392.95,384.9,386.19,4896400,1527.2,1530.74,1520.98,1524.87,1137300,184.7,188.96,180.2,183.48,127115000
2/20/2020,216.52,218.77,212.95,214.58,13109200,80.29,80.8,79.19,79.72,100566000,2173.07,2176.79,2127.45,2153.1,3131300,386.56,389.7,376.68,386,4079400,1519.01,1527.07,1504.26,1516.99,1298100,182.39,182.4,171.99,179.88,88174500
2/21/2020,213.48,214.24,208.83,210.18,14092300,79.3,79.75,77.28,77.91,129554000,2142.15,2144.55,2088,2095.97,4646300,385.33,387.32,377.9,380.07,3930100,1504.58,1510.95,1478.49,1483.46,2126000,181.4,182.61,176.09,180.2,71574000
2/24/2020,201.8,203.65,198.17,200.72,23080100,73.98,75.7,71.98,74.21,222195200,2003.18,2039.3,1987.97,2009.29,6547000,364.76,372.82,361,368.7,6936400,1423.05,1436.38,1406.79,1419.86,2478000,167.8,172.7,164.44,166.76,75961000
2/25/2020,202.25,203.5,195.95,196.77,21433500,74.9,75.29,71.21,71.7,230673600,2026.42,2034.6,1958.42,1972.74,6219100,372,375.65,357.72,360.09,6481200,1431,1436.85,1380.42,1386.32,2579000,169.8,171.32,157.4,159.98,86452500
2/26/2020,197.19,201.21,195.49,197.2,16524500,71.31,74.14,71.3,72.83,198054800,1970.28,2014.67,1960.45,1979.59,5224600,366.31,382,365,379.24,8934100,1394.98,1413.67,1376.55,1390.47,2488800,156.5,162.66,155.22,155.76,70427500
2/27/2020,191.82,195.88,189.5,189.75,21682600,69.96,71.18,67.93,68.07,320605600,1934.38,1975,1882.76,1884.3,8144000,371.46,391.56,370.6,371.71,10967700,1359.14,1369.4,1314.24,1314.95,3114500,146,147.95,133.8,135.8,121386000
2/28/2020,182.7,192.74,181.82,192.47,32583500,64.03,69.29,63.8,68.03,426884800,1814.63,1889.76,1811.13,1883.75,9493800,364.21,376.77,356.8,369.03,11178600,1274.31,1342.45,1268.21,1339.25,4010900,125.94,138.1,122.3,133.6,122821000
3/2/2020,194.03,196.57,188.85,196.44,24949000,70.25,75.02,69.12,74.37,341397200,1906.49,1954.51,1870,1953.95,6761700,373.11,381.36,364.5,381.05,6997900,1351.39,1387.47,1325.2,1386.32,2771500,142.25,148.74,137.33,148.72,100975000
3/3/2020,196.22,197.24,183.97,185.89,27984100,75.58,75.66,71.13,72,319475600,1975.37,1996.33,1888.09,1908.99,7534500,381.03,393.52,367.4,368.77,8364600,1397.68,1408.19,1329.24,1337.72,2830100,161,161.4,143.22,149.1,128920000
3/4/2020,189.17,191.83,186.39,191.76,23062500,73.78,75.51,72.95,75.34,219178400,1946.57,1978,1922,1975.83,4772900,377.77,384.01,370.51,383.79,5487300,1358.96,1382.78,1337,1381.6,2379900,152.79,153.3,144.95,149.9,75245000
3/5/2020,186.78,188.99,183.89,185.17,19333400,73.55,74.55,72.53,72.9,187572800,1933,1960.72,1910,1924.03,4748200,381,391.4,368.64,372.78,8747000,1345.55,1353.63,1301.64,1314.76,2719000,144.75,149.15,143.61,144.91,54263500
3/6/2020,178.33,183.78,176.26,181.09,24559600,70.18,72.38,69.99,71.93,226176800,1875,1910.87,1869.5,1901.09,5273600,367.7,371.31,356.85,368.97,8147200,1269.95,1302.75,1257.21,1295.74,3232000,138,141.4,136.85,140.7,63314500
3/9/2020,169.6,175,165.19,169.5,29949000,65.64,69.21,65.45,66.24,286744800,1773.86,1862.77,1761.29,1800.61,7813200,343.86,357.47,341.72,346.49,7405500,1204.96,1252.73,1198.04,1215.79,3462600,121.08,132.6,121,121.6,85368500
3/10/2020,174.67,178.29,169.5,178.19,24517800,68.97,71.29,67.04,71.01,285290000,1870.88,1894.27,1818.17,1891.82,7133300,356.43,364.54,347.85,364.13,7604400,1254.39,1275.85,1214.51,1275.17,2743600,131.89,133.6,121.6,129.07,77972000
3/11/2020,174.01,175.88,167.66,170.24,20373900,69.04,69.99,67.66,68.55,255598800,1857.85,1871.32,1801.5,1820.86,5624800,358.92,362.98,344.79,349.92,6036000,1248.27,1256.93,1191.14,1210.9,2736600,128.04,130.72,122.6,126.85,66612500
3/12/2020,159.54,166.6,154.34,154.47,43266300,63.7,67.2,61.72,61.78,418474000,1721.98,1765,1675,1676.61,11346200,326.5,335.72,307.32,315.25,12071600,1122.62,1188.75,1108.47,1111.55,4716300,116.18,118.9,109.25,112.11,94545500
3/13/2020,163.53,170.79,157.6,170.28,35028600,65.92,69.67,62.95,69.18,370732000,1755,1786.31,1680.62,1785,8809700,330.51,336.42,307.39,336.3,9458200,1174.99,1214.4,1112.29,1214.27,3970000,119,121.51,100.4,109.32,113201500
3/16/2020,152.32,159.13,143.1,146.01,39120400,60.22,64.48,59.73,60.28,322423600,1641.51,1759.45,1626.03,1689.15,8917300,306.63,334.35,294.75,298.84,10559900,1089.61,1145.47,1067.08,1073,4826000,93.9,98.97,88.43,89.01,102447500
3/17/2020,150.74,153.94,140,149.42,34255600,61.6,64.11,59.33,62.93,324056000,1775.47,1857.78,1689.24,1807.84,10917100,306.19,322.9,290.25,319.75,10013900,1090.64,1126,1049.1,1118.06,4159700,88,94.37,79.2,86.04,119973000
3/18/2020,139.75,148.18,137.1,146.96,37553100,59.67,62.22,59.01,61.39,300233600,1750,1841.66,1745,1830,9645200,302.4,331.58,300,315.47,12593600,1059.94,1104.99,1037,1091.19,4652200,77.8,80.97,70.1,72.24,118931000
3/19/2020,146.62,159.93,144.8,153.13,39862300,61.57,62.93,60.38,60.92,271857200,1860,1945,1832.65,1880.93,10399900,324.33,348.51,316.82,332.03,10616000,1088.22,1152.61,1055.55,1111.67,3703200,74.94,90.4,71.69,85.53,150977500
3/20/2020,156.02,159.27,148,149.73,32568400,61.52,62.67,56.74,57.05,401693200,1926.31,1957,1820.73,1846.09,9817900,342.31,350.49,332,332.83,10853800,1130.9,1138.48,1062.1,1068.21,4143900,87.64,95.4,85.16,85.51,141427500
3/23/2020,149.66,152.31,142.25,148.1,29830800,56.76,56.87,52.91,55.84,336752800,1827.75,1919.4,1812,1902.83,7808500,347.89,366.11,340.88,360.27,13449400,1056.37,1066.91,1008.87,1054.13,4183600,86.72,88.4,82.1,86.86,82272500
3/24/2020,155.21,161.31,152.57,160.98,30440400,58.82,61.64,58.31,61.44,287531200,1951.5,1955,1900.34,1940.1,7147100,369.99,372.93,353.03,357.32,11638700,1103.98,1133.33,1086.43,1130.01,3623400,95.46,102.74,94.8,101,114476000
3/25/2020,158.92,162.99,153.06,156.21,35184300,62.41,64.27,60.8,61.1,303602000,1920.69,1950.26,1885.78,1885.84,6479100,361.02,362,339.17,342.39,8767200,1124.58,1146.17,1083.01,1101.62,4516200,109.05,111.4,102.22,107.85,106113500
3/26/2020,158.25,164,157.02,163.34,26556800,61.35,64.38,61.31,64.32,252087200,1902,1956.49,1889.29,1955.49,6221300,344,363.84,341.73,362.99,7229600,1114.72,1171.48,1092.03,1162.92,3828100,109.48,112,102.45,105.63,86903500
3/27/2020,158.2,160.09,154.75,156.79,24879900,62.9,63.68,61.48,61.66,204216800,1930.86,1939.79,1899.92,1900.1,5387900,359.09,368.56,353,357.12,7948800,1127.47,1151.05,1104,1110.26,3139700,101,105.16,98.81,102.87,71887000
3/30/2020,159.18,166.75,158.06,165.95,22515200,62.4,63.59,62.07,63.42,167976400,1922.83,1973.63,1912.34,1963.95,6126100,363,377.8,361.17,370.96,8622000,1132.64,1151,1098.49,1146.31,2936800,102.05,103.33,98.25,100.43,59990500
3/31/2020,165.48,170.93,164.2,166.8,23676300,63.61,65.33,62.72,63.29,197002000,1964.35,1993.02,1944.01,1949.72,5123600,367.93,383.01,366.44,375.5,9366500,1148.73,1173.4,1136.72,1161.95,3261400,100.25,108.59,99.4,104.8,88857500
4/1/2020,161.62,164.15,158.04,159.6,19507600,61.35,61.9,59.51,59.96,176218400,1932.97,1944.96,1893,1907.7,4121900,376.05,380.23,361.02,364.08,6672500,1124,1129.42,1093.49,1102.1,2598500,100.8,102.79,95.02,96.31,66766000
4/2/2020,159.1,161.35,155.92,158.19,20886300,59.81,61.01,58.96,60.96,165934000,1901.64,1927.53,1890,1918.83,4336000,364.08,370.99,360.06,370.08,4592500,1100,1122.77,1093.13,1117.03,2820500,96.21,98.85,89.28,90.89,99292000
4/3/2020,157.15,157.91,150.83,154.18,25983300,60.43,61.15,59.47,60.08,32470000,1911.15,1926.33,1889.15,1906.59,3609900,367.47,370.9,357.51,361.76,4860800,1114.71,1118.79,1075.08,1092.7,2568700,101.9,103.1,93.68,96,22562100
4/6/2020,160.15,166.2,158.51,165.55,28453600,62.44,65.48,62.06,65.32,50455100,1936,1998.52,1930.02,1997.59,5773200,365.22,380.29,361.71,379.96,8183900,1133,1190.75,1125,1183.19,3166000,102.24,104.2,99.59,103.25,14901800
4/7/2020,171.79,173.39,166.01,168.83,31411900,67.4,67.62,64.46,64.57,50721800,2017.11,2035.72,1997.62,2011.6,5114000,380,381.33,369.34,372.28,7046400,1217.01,1220.78,1177.25,1182.56,3081000,109,113,106.47,109.09,17919800
4/8/2020,171.25,175,167.74,174.28,21664200,65.39,66.54,65.01,66.22,42223800,2021,2044,2011.15,2043,3977300,374.01,378.39,368.31,371.12,6908900,1203.1,1214.9,1183.95,1207,2016700,110.84,111.44,106.67,109.77,12656000
4/9/2020,175.9,177.08,171.57,175.19,23534300,66.87,67.21,65.88,66.7,40529100,2044.3,2053,2017.66,2042.76,4655600,371.06,372.1,363.03,370.72,7711300,1218.18,1221.99,1192.42,1206.57,2701400,112.42,115.04,111.42,114.6,13650000
4/13/2020,173.67,175,169.45,174.79,19355400,66.78,68.12,66.16,68.01,32755700,2040,2180,2038,2168.87,6716700,371.31,400.51,367.7,396.72,11692900,1201.5,1214.52,1182.33,1210.41,1935100,118.03,130.4,116.11,130.19,22475400
4/14/2020,178.98,181.23,176.62,178.17,21011800,69.69,71.74,69.2,71.44,48748700,2200.47,2292,2186.21,2283.32,8087200,397.5,417.82,394.85,413.55,11581000,1239.97,1275.75,1228.54,1265.23,3167900,139.79,148.38,138.49,141.98,30576500
4/15/2020,175.19,178.19,172.82,176.97,17423000,70.28,71.26,69.84,70.79,32788600,2257.68,2333.37,2245,2307.68,6866600,413,434.98,412.25,426.75,13561200,1246.51,1275.11,1234,1257.3,2111800,148.4,150.63,142,145.97,23577000
4/16/2020,177.95,178.05,172.51,176.25,23593200,71.52,71.73,70.27,71.35,39281300,2346,2461,2335,2408.19,12038200,437,449.52,431.61,439.17,16128700,1267.14,1273.36,1238.2,1257.43,2894800,143.39,151.89,141.34,149.04,20657900
4/17/2020,179.2,180.28,176.66,179.24,20974800,70.85,71.42,68.9,70.38,53812500,2372.33,2400,2316.02,2375,7930000,431,432,414.7,422.96,12616300,1281.7,1290,1266,1279,2552500,154.46,154.99,149.53,150.78,13128200
4/20/2020,177.41,180.5,176.77,178.24,16110700,69.18,70.1,68.9,68.92,32503800,2389.95,2444.98,2386.05,2393.61,5770700,435.17,444.49,430.56,437.49,12655800,1269.89,1276.82,1256.44,1261.15,1764600,146.54,153.11,142.44,149.27,14746600
4/21/2020,175.25,175.38,168.34,170.8,24824100,68.76,69,66.06,66.79,45189800,2416.61,2428.31,2279.66,2328.12,7467100,444.77,447,425.6,433.83,22946000,1242.71,1250,1205,1212.16,2480300,146.02,150.67,134.76,137.34,20160600
4/22/2020,178.45,184.78,178.14,182.28,33369900,68.1,69.16,67.74,68.71,117057200,2369,2394,2351,2363.49,4218300,429.73,433,413,421.42,21123800,1241.11,1279.88,1237.2,1258.41,2315800,140.8,146.8,137.74,146.42,71124000
4/23/2020,184.08,187.05,183.15,185.13,21426600,68.66,70.12,68.41,68.45,124814400,2399.98,2424.22,2382.08,2399.45,5066600,419.26,438.41,419.26,426.7,13952300,1265.74,1288.15,1260.53,1271.17,1710100,145.52,146.8,140.63,141.13,66183500
4/24/2020,183.23,190.41,180.83,190.07,28868500,68.99,70.43,68.94,70.42,126508800,2417,2420.43,2382,2410.22,3831800,425,427.17,415.88,424.99,8670400,1255,1277.71,1244,1276.6,1872000,142.16,146.15,139.64,145.03,66188000
4/27/2020,192.66,193.75,187.41,187.5,29197800,70.13,70.82,69.67,70.47,117087600,2443.2,2444.88,2363,2376,5645600,425,429,420.84,421.38,6277500,1292,1294.1,1265.06,1270.86,2209300,147.52,159.9,147,159.75,103407000
4/28/2020,188.66,189.2,182.56,182.91,21731000,70.95,71.14,69.24,69.33,112004800,2372.1,2373.5,2306,2314.08,5269400,419.99,421,402.91,403.83,10101200,1283.2,1284.76,1230.38,1232.59,4035000,159.13,161,151.34,153.82,76110000
4/29/2020,190.93,196.91,190,194.19,45954500,70.86,72.09,70.65,71.61,137280800,2330.01,2391.89,2310,2372.71,4591600,399.53,415.86,393.6,411.89,9693100,1345,1360.15,1326.73,1342.18,5417900,158.03,160.64,156.63,160.1,81080000
4/30/2020,206.92,209.69,201.57,204.71,46173300,72.16,73.3,71.76,73.12,183064000,2419.84,2475,2396.01,2474,9415000,410.31,424.44,408,419.85,7939400,1331.36,1350,1321.5,1346.7,2789200,171.04,173.96,152.7,156.38,142359500
5/1/2020,201.6,207.28,199.05,202.27,30415600,71.24,74.41,71.14,71.94,240616800,2336.8,2362.44,2258.19,2286.04,9772600,415.1,427.97,411.73,415.27,8299900,1324.09,1351.43,1309.66,1317.32,2443600,151,154.55,136.61,140.26,162659000
5/4/2020,200.2,205.91,198.76,205.26,19250700,71.97,73.09,71.26,72.96,133568000,2256.38,2326.98,2256.38,2315.99,4865900,417.78,428.54,414.87,428.15,7799100,1308.13,1324.47,1296.01,1322.9,1540300,140.2,152.4,139.6,152.24,96185500
5/5/2020,207.02,210.38,206.5,207.07,21071200,73.43,74.91,73.28,74.06,147751200,2340,2351,2307.13,2317.8,3242500,427.56,431,421.56,424.68,6286300,1337.5,1371.01,1335.03,1349.02,1983300,157.96,159.78,152.44,153.64,84958500
5/6/2020,208.12,211.6,206.66,208.47,21857000,74.78,75.47,74.38,74.82,142333600,2329.44,2357.45,2320,2351.26,3117800,429.3,439.77,426.39,434.26,6660700,1358,1368.69,1345.13,1345.43,1586600,155.3,157.96,152.22,156.52,55616000
5/7/2020,211.16,211.6,209.04,211.26,15152000,75.46,75.95,75.15,75.59,115215200,2374.78,2376,2343.11,2367.61,3396400,436.89,438.88,430.66,436.53,5641900,1361.31,1376,1352.54,1369.28,1532600,155.44,159.28,154.47,156.01,57638500
5/8/2020,212.24,213.21,210.85,212.35,12524000,76.27,77.45,75.94,77.39,134048000,2372.14,2387.24,2357,2379.61,3211200,434.14,442,433.64,435.55,5054300,1381.82,1396.64,1372.01,1384.34,1666300,158.75,164.8,157.4,163.88,80650500
5/11/2020,210.89,215,210.37,213.18,12911900,76.89,79.12,76.67,78.61,145946400,2374.7,2419.67,2372.11,2409,3259200,436.33,444.89,435.56,440.52,5486000,1376.79,1415.53,1375.5,1403.59,1635900,158.1,164.8,157,162.26,82598000
5/12/2020,213.29,215.28,210,210.1,14704600,79.31,79.78,77.59,77.71,162301200,2411.85,2419,2355,2356.95,3074900,442,444.17,431.36,431.82,4598200,1408.22,1414.33,1374.51,1375.18,1695900,165.4,168.66,161.6,161.88,79534500
5/13/2020,209.43,210.78,202.11,205.1,20684600,77.9,78.85,75.67,76.77,200622400,2366.8,2407.7,2337.8,2367.92,4782900,435.69,447,427.27,438.27,7014600,1376.16,1385.33,1328.01,1348.33,2018400,164.17,165.2,152.66,158.19,95327500
5/14/2020,202.56,206.93,200.69,206.81,17178900,75.99,77.31,75.25,77.25,158929200,2361.01,2391.37,2353.21,2388.85,3648100,444.9,452.38,432.82,441.95,9007500,1333.52,1357.37,1323.3,1356.86,1833000,156,160.67,152.8,160.67,68411000
5/15/2020,205.27,211.34,204.12,210.88,19383200,74.95,76.84,74.92,76.79,166348400,2368.52,2411,2356.37,2409.78,4235000,440.7,455,437.51,454.19,7244000,1348.26,1374.58,1339,1373.06,2077200,158.07,161.01,157.31,159.83,52592000
5/18/2020,212.15,214.64,210.94,213.19,20167400,78.15,78.98,77.44,78.6,135372400,2404.35,2433,2384.01,2426.26,4366600,451.16,456.36,443.35,452.58,7780300,1361.58,1392.76,1354.2,1385.18,2356400,165.56,166.94,160.78,162.73,58490500
5/19/2020,213.27,220.49,212.83,216.88,31843200,78.62,79.49,78.11,78.14,101729600,2429.83,2485,2428.97,2449.33,4320500,453.4,458.97,450.47,451.04,4810500,1385.48,1392.49,1373.76,1374.4,1579300,163.03,164.41,161.22,161.6,48182500
5/20/2020,223.5,231.34,223.19,229.97,50162900,79.03,79.74,78.99,79.66,111504800,2477.87,2500.01,2467.27,2497.94,3998100,454.25,455.81,444,447.67,5607300,1389.16,1412.03,1387.42,1409.16,1913100,164.1,165.2,162.36,163.11,36546500
5/21/2020,234.72,237.2,231.2,231.39,47782600,79.52,80.08,78.83,79.07,102688800,2500,2525.45,2442.54,2446.74,5114400,448.56,448.96,430.25,436.25,9117300,1410.99,1416.46,1394.39,1406.75,1544700,163.2,166.5,159.2,165.52,61273000
5/22/2020,231.51,235.99,228.74,234.91,33925600,78.8,79.66,78.7,79.58,81803200,2455.01,2469.85,2430.13,2436.88,2867100,437,439.09,427.18,429.32,5422300,1403.9,1417,1395.95,1413.24,1427200,164.43,166.36,162.4,163.38,49937500
5/26/2020,239.77,240.9,231.67,232.2,33178300,80.73,80.91,78.98,79.04,125522000,2458,2462,2414.06,2421.86,3568200,427.77,428.5,413.14,414.77,7881100,1441.96,1445.11,1419.4,1421.37,2229500,166.9,166.92,163.14,163.77,40448500
5/27/2020,229.07,230.56,221.13,229.14,34697600,78.89,79.53,78.13,79.38,112945200,2404.99,2413.58,2330,2410.39,5056900,410.38,420.02,397.86,419.89,10446300,1420,1425.35,1394.6,1420.28,1584200,164.17,165.54,157,164.05,57747500
5/28/2020,224.3,231.63,224,225.46,29377200,79.05,80.71,78.77,79.42,133560800,2384.33,2436.97,2378.23,2401.1,3190200,417.24,422.37,411.5,413.44,5655100,1400,1444.46,1399.08,1418.24,1758500,162.7,164.95,160.34,161.16,36278000
5/29/2020,225.2,227.49,222.88,225.09,23322500,79.67,80.14,78.98,79.34,153598000,2415.94,2442.37,2398.2,2442.37,3529300,417.46,420.3,411.85,419.73,5270500,1420.43,1436.73,1415.98,1433.52,1852200,161.75,167,160.84,167,59062500
6/1/2020,224.59,232.44,223.5,231.91,18223800,79.29,80.44,79.16,80.32,80791200,2448,2476.93,2444.17,2471.04,2928900,418.83,426.72,415.98,425.92,3743700,1425.7,1441.58,1422.28,1434.87,1258100,171.6,179.8,170.82,179.62,74697500
6/2/2020,230.94,233,226.56,232.72,20919000,80.04,80.71,79.59,80.69,87642800,2467,2473.53,2445.31,2472.41,2529900,425.87,427.59,419.46,427.31,3494800,1435,1443,1421.61,1442.31,1172100,178.94,181.73,174.2,176.31,67828000
6/3/2020,232.11,232.65,228.53,230.16,15380300,81.02,81.4,80.43,81.13,104491200,2468.01,2488,2461.17,2478.4,2671000,426.95,427.1,418.05,421.97,4316000,1442.7,1449.01,1431.62,1439.25,1386600,177.62,179.59,176.02,176.59,39747500
6/4/2020,229.56,231.63,224.61,226.29,17041500,80.95,81.26,80.05,80.43,87560400,2477.43,2507.54,2450.01,2460.6,2948700,422.39,428.71,410.03,414.33,5410500,1436.78,1441.32,1406.01,1414.3,1349100,177.98,179.15,171.69,172.88,44438500
6/5/2020,226.71,231.35,225.31,230.77,16750400,80.69,82.79,80.66,82.73,137250400,2444.51,2488.65,2437.13,2483,3306400,407.29,420.24,404.25,419.6,5099600,1415.64,1446.3,1407.62,1440.02,2132100,175.57,177.3,173.24,177.13,39059500
6/8/2020,229.03,231.55,227.41,231.4,15466500,82.41,83.25,81.68,83.21,95654400,2500.2,2530,2487.34,2524.06,3970700,416,420.8,406.5,419.49,5851500,1426.28,1449,1424.48,1448.04,1693900,183.8,190,181.83,189.98,70873500
6/9/2020,231.52,239.77,230.41,238.67,27462900,82.89,86.25,82.85,85.84,147712400,2529.44,2626.43,2525,2600.86,5176000,421.65,434.73,420.31,434.05,6797000,1445.24,1467.8,1442.36,1452.08,1681200,188,190.89,184.79,188.13,56941000
6/10/2020,240.96,241.21,235.28,236.73,20720700,86.82,88.53,86.37,88.05,166651600,2645,2722.35,2626.26,2647.45,4946000,436,439.69,430.55,434.48,4896900,1461.51,1472.77,1454.36,1464.7,1588100,198.38,205.5,196.5,205.01,92817000
6/11/2020,229.94,232.89,223.55,224.43,26708200,87.17,87.61,83.72,83.82,201662400,2603.5,2671.38,2536.23,2557.96,5800100,428.2,445.57,424.16,425.56,7462900,1441.03,1451.6,1398.41,1401.9,2357200,198.04,203.79,194.4,194.57,79582500
6/12/2020,229.9,231.66,224.5,228.58,22071700,86.02,86.79,83.4,84.55,200146000,2601.21,2621.48,2503.35,2545.02,5429600,429,434.06,412.45,418.07,6457400,1425.86,1434.51,1385.8,1412.92,1832900,196,197.6,182.52,187.06,83817000
6/15/2020,225.09,233.77,224.8,232.5,15340300,83.16,86.26,83,85.59,138808800,2526.6,2584,2508,2572.68,3865100,421.4,426.49,415.42,425.5,4467900,1389.49,1425,1387.2,1420.74,1523400,183.56,199.77,181.7,198.18,78486000
6/16/2020,237.14,238.46,233,235.65,15236700,87.71,88.14,86.02,87.86,165428800,2620,2620,2576,2615.27,3585600,425.76,437.96,425.18,436.13,5507900,1449,1457.17,1428.99,1446.47,1532400,202.37,202.58,192.48,196.43,70255500
6/17/2020,235,237.59,231.73,235.53,19552800,88.63,88.69,87.61,87.74,114406400,2647.5,2655,2631.82,2640.98,2951100,441.82,450.46,439.22,447.77,6522400,1452.94,1462.2,1435.13,1452.54,1528300,197.54,201,196.51,198.36,49454000
6/18/2020,234.99,236.14,232.15,235.94,15782500,87.69,88.2,87.15,87.77,96820400,2647.01,2659.64,2636.11,2653.98,2487800,448.73,452.76,442.8,449.87,4277600,1449.85,1452.97,1426.24,1434.12,1743100,200.6,203.84,198.89,200.79,48759500
6/19/2020,237.79,240.83,235.55,238.79,30081300,88.5,88.98,86.13,87.27,264476000,2678.08,2697.43,2659,2675.01,5777000,449.12,453.97,445.6,453.72,5934500,1440,1444.5,1419,1424.64,2639200,202.56,203.19,198.27,200.18,43398500
6/22/2020,238.56,240.7,236.91,239.22,18917800,87.68,89.7,87.63,89.56,135445200,2684.5,2715,2669,2713.82,3208800,455.01,468.59,454.21,468.04,6272100,1425.01,1450.95,1419.19,1450.66,1472100,199.99,201.78,198,198.86,31812000
6/23/2020,241.28,245.19,239.86,242.24,24017900,90.84,92.93,90.4,91.47,212155600,2726.02,2783.11,2718.04,2764.41,4231700,466.5,474.01,464.5,466.26,5948400,1452,1475.2,1445,1463.98,1887600,199.78,202.4,198.8,200.36,31826500
6/24/2020,241.2,243.22,232.68,234.02,20834900,91.09,92.03,89.47,89.85,192623200,2780,2796,2721,2734.4,4526600,468.54,472.36,454,457.85,4826200,1463.28,1475.79,1430,1432.7,1579600,198.82,200.18,190.63,192.17,54798000
6/25/2020,234.62,237.3,232.74,235.68,18704300,90.01,91.09,89.23,91.05,137522400,2739.55,2756.23,2712.14,2754.58,2968700,458.86,467.01,454,465.91,4134500,1431.22,1442.32,1419.54,1441.1,1197900,190.85,197.2,187.43,197.2,46272500
6/26/2020,232.64,233.09,215.4,216.08,76343900,90.94,91.17,88.1,88.25,205256800,2775.06,2782.57,2688,2692.87,6500800,466.39,468.03,442.24,443.4,6804700,1432.63,1437.02,1355,1362.54,4882000,198.96,199,190.97,191.95,44274500
6/29/2020,209.75,220.75,207.11,220.64,58514300,88.15,90.38,87.66,90.28,130646000,2690.01,2696.8,2630.08,2680.38,4223400,445.23,447.67,432.14,447.24,4844000,1360.34,1398,1351.65,1397.17,2253700,193.8,202,189.7,201.87,45132000
6/30/2020,220.59,227.5,218.47,227.07,33927100,89.86,91.33,89.84,91.04,140223200,2685.07,2769.63,2675.03,2758.82,3769700,450.02,457.59,447,455.04,4198500,1396.88,1424,1386.93,1418.05,2014300,201.3,217.54,200.75,215.96,84592500
7/1/2020,228.5,239,227.56,237.55,43399700,91.12,91.67,90.81,90.86,110737200,2757.99,2895,2754,2878.7,6363400,454,488.23,454,485.64,9705900,1419.17,1448.48,1414.18,1442,2109100,216.6,227.07,216.1,223.93,66634500
7/2/2020,239,240,232.61,233.42,30633600,91.8,92.45,90.75,90.86,114041600,2912.01,2955.56,2871.1,2890.3,6593400,485.64,492.28,475.53,476.89,6351500,1451.84,1488.52,1451.07,1469.93,2860900,244.3,245.6,237.12,241.73,86250500
7/6/2020,233.76,240.4,232.27,240.28,26206200,92.33,93.78,92.3,93.29,118655600,2934.97,3059.88,2930,3057.04,6880600,480.77,499.5,479.8,493.81,7839000,1488.15,1510,1476.98,1499.65,2235600,255.34,275.56,253.21,274.32,102849500
7/7/2020,239.41,247.65,238.82,240.86,27887800,93.68,94.48,92.89,93,112424400,3058.55,3069.55,2990,3000.12,5257500,497.31,504.82,490.83,493.16,5669900,1496.13,1521.32,1489.7,1489.92,2118200,281,285.9,267.34,277.97,107448500
7/8/2020,238.11,246.99,236.59,243.58,29791300,94.01,95.2,93.92,95.17,117092000,3022.61,3083.97,3012.43,3081.11,5037600,498.58,505.1,493.81,502.78,5691700,1500.8,1511.17,1492.3,1503.6,1588300,281,283.45,262.27,273.18,81556500
7/9/2020,245,246.53,239.24,244.5,22174900,96.09,96.14,94.5,95.58,125642800,3115.99,3193.88,3074,3182.63,6388700,508.4,510,495.78,507.76,5840500,1509.93,1529.14,1495.59,1518.66,2091800,279.4,281.71,270.26,278.86,58588000
7/10/2020,243.69,245.49,239.32,245.07,22982700,95.16,95.81,94.53,95.75,90257200,3191.76,3215,3135.7,3200,5486000,519.73,555.88,511.28,548.73,21605600,1513.25,1541.34,1500.72,1539.01,1795900,279.2,309.78,275.2,308.93,116688000
7/13/2020,247.01,250.15,238.42,239,24674900,97.09,99.78,95.09,95.31,191649200,3251.06,3344.29,3068.39,3104,7720400,567.98,575.37,520.96,525.5,18399000,1549.94,1576.36,1506.56,1512.23,2147700,331.8,359,294.22,299.41,194927000
7/14/2020,236.76,240.33,232.03,239.73,23378100,94.67,97.08,93.71,96.88,170989200,3089,3127.38,2950,3084,7231900,517.08,525.5,490.49,524.88,15083300,1492.79,1522.8,1485.93,1520.86,1905400,311.2,318,286.2,303.36,117090500
7/15/2020,241.55,244.82,238.05,240.28,19133600,98.81,99.07,96.32,97.55,153198000,3080.23,3098.35,2973.18,3008.87,5788900,516.3,529,510.18,523.26,10066700,1523.23,1536.33,1497.83,1516.88,1551300,308.6,310,291.4,309.2,81839000
7/16/2020,238,241.76,236.33,240.93,18880700,96.39,97.23,95.73,96.35,110577600,2971.06,3032,2918.23,2999.9,6394200,526.48,535.54,504.36,527.39,24499000,1501.5,1515.91,1488.27,1514.92,1324200,295.43,306.34,293.2,300.13,71504000
7/17/2020,241,244.16,237.86,242.03,18152400,96.81,96.97,95.67,96.15,92186800,3009,3024,2948.45,2961.97,4761300,494.87,503.59,484.14,492.99,24991400,1516.91,1523.43,1498.1,1516.85,1713200,302.69,307.5,298,300.17,46650000
7/20/2020,240.06,246.05,235.64,245.42,20872200,96.24,98.32,95.89,98.18,90318000,3000.2,3201.36,2994.02,3196.84,7598200,489.14,504.5,484.2,502.41,11940300,1515,1569.01,1502.7,1563.84,1508300,303.8,330,297.6,328.6,85607000
7/21/2020,246.22,246.91,240.08,241.75,19409700,98.99,99.07,96.57,96.83,103646000,3232.49,3240.58,3105.72,3138.29,6135000,506,506.22,488.61,490.1,9127200,1585.03,1587.05,1552.62,1555.92,1377700,327.99,335,311.6,313.67,80786500
7/22/2020,240.26,241.9,238.12,239.87,15427900,96.52,97.8,96.43,97.1,89001600,3125,3150,3065.26,3099.91,4104200,492.19,497.2,487.2,489.82,6954100,1555.71,1566.98,1543.23,1564.85,1224100,319.8,325.28,312.4,318.47,70805500
7/23/2020,239.63,242.42,231.75,232.6,21771800,96.82,96.9,91.84,92.68,197004400,3098.27,3098.27,2970,2986.55,5656900,491.13,491.9,472.02,477.58,7722000,1565.93,1570.35,1508.59,1516.75,1695500,335.79,337.8,296.15,302.61,121642500
7/24/2020,230.19,233.49,226.9,230.71,18325800,90.82,92.8,88.98,92.45,185438800,2930,3031.58,2888,3008.91,5632400,468.77,487.17,467.54,480.45,7746200,1499.19,1515.43,1487.59,1508.21,1495100,283.2,293,273.31,283.4,96983000
7/27/2020,231.46,234.95,230.83,233.5,13163100,93.54,94.73,93.31,94.64,121214000,3062,3098,3015.77,3055.21,4170500,484.51,496.92,482.31,495.65,7863100,1513.26,1537.56,1512.33,1529.43,1356200,287,309.59,282.6,307.92,80243500
7/28/2020,234.63,234.96,229.83,230.12,14170100,94.2,94.38,93.08,93.08,103625600,3054.27,3077.09,2995.76,3000.33,3126700,496.02,497.79,487.76,488.51,5986700,1525,1526.01,1500.52,1503.65,1545500,300.8,312.94,294.88,295.3,79043500
7/29/2020,231.14,233.7,230.31,233.29,13588300,93.58,95.06,93.54,94.87,90329200,3030.99,3039.16,2996.77,3033.53,2974100,492.25,494.92,484.13,484.48,6611800,1505,1533.33,1503.01,1523.51,1133800,300.2,306.96,297.4,299.82,47134500
7/30/2020,230.22,234.89,229,234.5,20615300,94.02,96.12,93.6,96.02,158130000,3014,3092,3005,3051.88,6128300,480.71,488.35,477.51,485.8,6608600,1497.97,1540.89,1495.17,1538.37,1802100,297.6,302.65,294.2,297.5,38105000
7/31/2020,255.82,255.85,249,253.67,53030000,102.7,106.22,100.64,106.07,374336800,3244,3246.82,3151,3164.68,8085500,488.29,494.8,484.5,488.88,5924300,1497.05,1505.02,1454,1487.95,4576400,303,303.41,284.2,286.15,61235000
8/3/2020,252.65,255.4,250.33,251.96,23124900,108.01,111.44,107.7,108.74,308151200,3180.51,3184,3104,3111.89,5074700,490.86,503.09,490.23,498.62,5873100,1491,1497.73,1471.72,1482.76,2274100,289.84,301.96,288.88,297,44046500
8/4/2020,251.56,252.8,247.43,249.83,17183500,108.94,110.59,108.19,109.47,173071600,3101.21,3167.24,3101.21,3138.83,4694300,498.65,510.44,498.65,509.64,5608000,1486.71,1493.11,1464.03,1473.3,1860600,299,305.48,292.4,297.4,42075000
8/5/2020,250.19,252.27,247.77,249.12,13088400,109.18,110.19,108.7,109.86,121992000,3143.77,3213.59,3127.3,3205.03,3930000,508.68,510.1,501.2,502.11,4313500,1476.82,1490,1471.22,1479.09,1457500,298.6,299.97,293.66,297,24890000
8/6/2020,249.04,266.6,248.67,265.28,45241600,110.21,114.21,109.6,113.7,202428800,3194.36,3247.47,3165.43,3225,3940600,504.11,510.82,498.7,509.08,3725900,1476.15,1506.27,1471.9,1504.95,1665300,298.17,303.46,295.45,297.92,29961500
8/10/2020,264.08,278.89,263.43,268.44,72735500,113.21,113.68,110.29,111.11,198045600,3224.01,3240.81,3140.67,3167.46,3929600,505.45,508.29,486.68,494.73,5906700,1509.04,1520.09,1486.27,1498.37,1385900,299.91,299.95,283,290.54,44482000
8/11/2020,268.04,273.86,259.69,263,30248800,112.6,113.78,110,112.73,212403600,3170.31,3172.51,3101.52,3148.16,3167300,493.35,497.46,478.63,483.38,4691200,1490.8,1507.15,1477.49,1496.82,1027300,289.6,291.5,277.17,283.71,37611500
8/12/2020,260.19,265.92,255.13,256.13,28238300,111.97,112.48,109.11,109.38,187902400,3113.2,3159.22,3073,3080.67,3718100,479.75,480.92,466.55,466.93,7329200,1494,1510.44,1478.19,1480.54,1554900,279.2,284,273,274.88,43129000
8/13/2020,258.97,263.9,258.11,259.89,21428300,110.5,113.28,110.3,113.01,165944800,3108,3174.39,3101.42,3162.24,3527200,471.34,482.49,470.18,475.47,5441200,1487.12,1511.67,1485,1507.24,1126600,294,317,287,310.95,109494000
8/14/2020,261.55,265.16,259.57,261.3,17374000,114.43,116.04,113.93,115.01,210082000,3182.99,3217.52,3155,3161.02,3149000,478.4,484.45,476.45,481.33,3008900,1508.21,1536.97,1508.21,1516.65,1119400,322.2,330.24,313.45,324.2,102126500
8/17/2020,262.31,262.65,258.68,261.24,14792700,114.83,115,113.04,114.91,165565200,3178.18,3178.24,3120,3148.02,2751700,482.82,488.33,480.21,482.68,2943500,1513.61,1519.79,1499,1504.63,1097100,333,333.76,325.33,330.14,62888000
8/18/2020,262.5,264.1,259.4,261.16,13351100,116.06,116.09,113.96,114.61,119561600,3173.12,3194.97,3154.18,3182.41,2691200,484.19,486.24,479.1,482.35,2423500,1515.97,1523.78,1505,1516.24,999500,335.4,369.17,334.57,367.13,101211500
8/19/2020,260.95,265.15,259.26,262.34,18690400,114.35,116,114.01,115.56,105633600,3212,3320,3205.82,3312.49,5346000,484.35,495.3,482.8,491.87,3505500,1526.12,1557.37,1521.67,1555.78,1418900,379.8,384.78,369.02,377.42,82372500
8/20/2020,261.39,267.91,261.35,262.59,23291500,115.98,117.16,115.61,115.71,145538000,3303.01,3315.9,3256,3260.48,4185100,493.93,494.5,483.5,484.53,3156200,1552.49,1568.86,1540,1544.61,1523600,373,382.2,368.24,375.71,61026500
8/21/2020,261.5,269.63,261.46,269.01,20299700,115.75,118.39,115.73,118.28,126907200,3252,3312.62,3238,3297.37,3332500,484.69,498.94,483.89,497.9,5132500,1539.97,1580.17,1534.46,1576.25,1319100,372.14,404.4,371.41,400.37,103059000
8/24/2020,268.69,270.49,266.42,267.01,15538600,119.26,124.87,119.25,124.37,338054800,3295,3314.4,3275.39,3284.72,3575900,496.46,498.13,490,492.31,3921300,1571.8,1591.88,1562.31,1575.57,1741900,408.95,419.1,405.01,410,107448000
8/25/2020,271.07,277.25,268.77,271.39,23685600,128.7,128.79,123.94,125.86,345937600,3310.15,3380.32,3257.56,3307.46,4666300,495.44,501,483.16,488.81,4762200,1592.47,1608.78,1575.04,1585.15,1281900,425.26,425.8,385.5,402.84,100318000
8/26/2020,272.41,283.09,270.26,280.82,42127200,124.7,125.18,123.05,124.82,211495600,3294.99,3357.4,3267,3346.49,3992800,488.19,492.47,485.09,490.58,5727700,1580.1,1608.88,1577.88,1605.85,1257500,394.98,405.59,393.6,404.67,53294500
8/27/2020,284,304.67,284,303.91,69015200,126.18,126.99,125.08,126.52,163022400,3351.11,3451.74,3344.57,3441.85,6508700,492.5,549.04,492.08,547.53,20373700,1606.3,1652.79,1600.98,1644.13,2609400,412,433.2,410.73,430.63,71197000
8/28/2020,300.16,301.23,292.02,293.22,30301300,127.14,127.49,123.83,125.01,155552400,3450.05,3453,3378,3400,4264800,537.78,541,521.25,526.27,9062900,1646.61,1647.99,1618.81,1628.52,1567500,436.09,459.12,428.5,447.75,118465000
8/31/2020,295,297.23,290.98,293.66,17172400,126.01,126.44,124.58,124.81,187630000,3423,3433.37,3386.5,3401.8,2897000,532,539,522,523.89,4417500,1629.47,1641.35,1625.61,1639.43,1120900,459.02,463.7,437.3,442.68,100406000
9/1/2020,293.95,296.88,291.55,293.2,17345100,127.58,131,126,129.04,225702700,3408.99,3495,3405,3450.96,4185900,521.16,531.99,517.58,529.56,4941400,1643.57,1644.5,1625.33,1629.53,1321100,444.61,500.14,440.11,498.32,118374400
9/2/2020,294.71,301.49,292.71,295.44,17320900,132.76,134.8,130.53,134.18,152470100,3489.58,3513.87,3467,3499.12,3476400,532.6,557.39,532.45,556.55,9581900,1632.16,1659.22,1629.53,1655.08,1133800,502.14,502.49,470.51,475.05,90119400
9/3/2020,298.88,303.6,293.05,302.5,24341400,137.59,137.98,127,131.4,200119000,3547,3552.25,3486.69,3531.45,3931500,553.78,556.5,537.37,552.84,5886900,1668.01,1726.1,1660.19,1717.39,2476100,478.99,479.04,405.12,447.37,96176100
9/4/2020,295.99,297.6,283.63,291.12,32294100,126.91,128.84,120.5,120.88,257599600,3485,3488.41,3303,3368,8161100,545,554,521.32,525.75,9071100,1699.52,1700,1607.71,1629.51,3186300,407.23,431.8,402,407,87596100
9/7/2020,287.25,289,271.14,282.73,30333700,120.07,123.7,110.89,120.96,332607200,3318,3381.5,3111.13,3294.62,8781800,520.18,527.36,485.98,516.05,8270100,1609,1634.99,1537.97,1581.21,2792500,402.81,428,372.02,418.32,110321900
9/8/2020,271.28,279.3,269.42,271.16,24864000,113.95,118.99,112.68,112.82,231366600,3144,3250.85,3130,3149.84,6094200,498.4,522,495,507.02,5572700,1525,1555.55,1516.5,1523.6,2701600,356,368.74,329.88,330.21,115465700
9/9/2020,275.77,278.48,271.35,273.72,22918800,117.26,119.14,115.26,117.32,176940500,3202.99,3303.18,3185,3268.61,5188700,519.21,520,492.57,500.19,6848100,1548.9,1558.72,1525.17,1547.23,1962100,356.6,369,341.51,366.28,79465800
9/10/2020,275.51,279.16,267.03,268.09,24814700,120.36,120.5,112.5,113.49,182274400,3307.22,3349.89,3170.55,3175.11,5330700,503.35,506.29,478.84,480.67,6240200,1550.18,1573.66,1520,1526.05,1651200,386.21,398.99,360.56,371.34,84930600
9/11/2020,270.06,271.39,262.64,266.61,18913900,114.57,115.23,110,112,180860300,3208.69,3217.34,3083.98,3116.22,5094000,486.49,493.73,476.81,482.03,5035200,1528.15,1538.7,1493.02,1515.76,1535300,381.94,382.5,360.5,372.72,60717500
9/14/2020,270.95,276.64,265.7,266.15,24093800,114.72,115.93,112.8,115.36,140150100,3172.94,3187.39,3096,3102.97,4529600,480.62,488.99,471.3,476.26,7359100,1531.65,1557,1505.11,1508.83,2133000,380.95,420,373.3,419.62,83020600
9/15/2020,270.67,274.52,269.3,272.42,18478500,118.33,118.83,113.61,115.54,184642000,3136.16,3175.02,3108.92,3156.13,4021500,484,497.47,481.63,495.99,5337000,1527.89,1550.99,1522.1,1535.12,1152100,436.56,461.94,430.7,449.76,97298200
9/16/2020,267.29,272.44,261.79,263.52,29183400,115.23,116,112.04,112.13,154679000,3179.99,3187.24,3074.15,3078.1,4512200,499.99,504.66,483.31,483.86,4394900,1542.48,1554.37,1511.59,1512.09,1106400,439.87,457.79,435.31,441.76,72279300
9/17/2020,258.28,261.5,250.19,254.82,31281400,109.72,112.2,108.71,110.34,178011000,3009.25,3029.43,2972.55,3008.73,6449100,475.16,478.4,463.27,470.2,5379300,1485.81,1498.66,1462.46,1487.04,2000400,415.6,437.79,408,423.43,76779200
9/18/2020,258.4,259.2,250.05,252.53,28130800,110.4,110.88,106.09,106.84,287104900,3031.74,3037.8,2905.54,2954.91,8892600,472.51,479.4,458.6,469.96,6717700,1488.3,1495.2,1431.62,1451.09,3152800,447.94,451,428.8,442.15,86406800
9/21/2020,247.54,249.95,244.13,248.15,24709400,104.54,110.19,103.1,110.08,195713800,2906.5,2962,2871,2960.47,6117900,467.69,487.78,466.32,487.35,5457500,1431.62,1440.06,1402.68,1430.14,2845400,453.13,455.68,407.07,449.39,109476800
9/22/2020,253.31,255.32,248.22,254.75,30293100,112.68,112.86,109.16,111.81,183055400,3033.84,3133.99,3000.2,3128.99,6948800,489.01,491.82,479.26,491.17,3482300,1450.32,1463.97,1429.5,1459.82,1697500,429.6,437.76,417.6,424.23,79580800
9/23/2020,255.26,257.99,248.15,249.02,19641300,111.62,112.11,106.77,107.12,150718700,3120.43,3127,2992.38,2999.86,5652700,491.04,491.04,469,470.61,3726400,1452.09,1453.08,1402.68,1409.39,1886300,405.16,412.15,375.88,380.36,95074200
9/24/2020,246.5,252.24,245.62,249.53,20006800,105.17,110.25,105,108.22,167743300,2977.79,3069.3,2965,3019.79,5529400,470.53,477,467.82,473.08,3727200,1402.68,1437.99,1402.15,1422.86,1727600,363.8,399.5,351.3,387.79,96561100
9/25/2020,249.4,255.75,246.61,254.82,18351300,108.43,112.44,107.67,112.28,149981400,3054.86,3101.54,2999,3095.13,4615200,474.39,484.87,468.03,482.88,3769400,1425.05,1445.94,1407.68,1439.06,1516300,393.47,408.73,391.3,407.34,67208500
9/28/2020,259.4,259.6,254.82,256.82,18826300,115.01,115.32,112.78,114.96,137672400,3148.85,3175.04,3117.17,3174.05,4224200,489.11,492,477.88,490.65,4773500,1471.99,1472.99,1446.28,1458.66,1539200,424.62,428.08,415.55,421.2,49719600
9/29/2020,257.81,263.33,256.9,261.79,20200200,114.55,115.31,113.57,114.09,99382200,3175.39,3188.26,3132.54,3144.88,3495800,489.5,496.29,486.53,493.48,3541500,1463.91,1472,1454,1466.02,1590800,416,428.5,411.6,419.07,50219300
9/30/2020,261.98,266.08,260.1,261.9,20105800,113.79,117.26,113.62,115.81,142675200,3141.14,3212.88,3133.99,3148.73,4883400,492.57,504.63,489.27,500.03,4631100,1460.94,1486.2,1455.76,1465.6,2045400,421.32,433.93,420.47,429.01,48145600
10/1/2020,265.35,268.33,264.8,266.63,20009800,117.64,117.72,115.83,116.79,116120400,3208,3224,3172,3221.26,4971900,506.03,529.55,503.6,527.51,8153700,1483.66,1495.07,1476.8,1487.9,1644200,440.76,448.88,434.42,448.16,50741500
10/2/2020,261.21,265.15,259.18,259.94,16367600,112.89,115.37,112.22,113.02,144712000,3153.63,3195.8,3123,3125,5613100,516.43,526.37,502.7,503.06,6071200,1459.63,1479.03,1447.35,1455.6,1561100,421.39,439.13,415,415.09,71430000
10/5/2020,262.2,264.87,260.84,264.65,12822300,113.91,116.65,113.55,116.5,106243800,3145.84,3202.53,3140.85,3199.2,3775300,506.8,520.99,501.7,520.65,4088100,1462.65,1484.7,1460.09,1482.83,1080100,423.35,433.64,419.33,425.68,44722800
10/6/2020,261.78,265.69,258.24,258.66,18696900,115.7,116.12,112.25,113.16,161498200,3165,3182,3090,3099.96,5086900,518.72,521.82,504.16,505.87,4199000,1475.5,1484.52,1445.01,1451.02,1304800,423.79,428.78,406.05,413.98,49146300
10/7/2020,259.21,260.18,254.82,258.12,23133400,114.62,115.55,114.13,115.08,96849000,3135,3200,3132.39,3195.69,4309400,518,536.49,515.82,534.66,7988700,1459.31,1468.97,1433.23,1459.14,1805400,419.87,429.9,413.85,425.3,43127700
10/8/2020,259.75,264.62,259.15,263.76,16312800,116.25,116.4,114.59,114.97,83477200,3224.99,3233.29,3174.99,3190.55,3174100,533.48,535,524.15,531.79,5386500,1465.45,1488.03,1465.45,1483.43,1303800,438.44,439,425.3,425.92,40421100
10/9/2020,264.52,264.75,262.17,264.45,14107800,115.28,117,114.92,116.97,100506900,3210,3288.99,3197.83,3286.65,4907900,537.83,544.28,535,539.44,4781300,1492.86,1511.85,1487,1510.45,1648300,430.13,434.59,426.46,434,28925700
10/12/2020,270.2,280.18,267.87,275.75,31019300,120.06,125.18,119.28,124.4,240226800,3349.94,3496.24,3339.55,3442.93,8364200,548.81,551.81,538.24,539.81,5391100,1538,1588.42,1529.3,1564.59,2767200,442,448.74,438.58,442.3,38791100
10/13/2020,277.58,279.1,273.39,276.14,18063300,125.27,125.39,119.65,121.1,262330500,3467.99,3492.38,3424.22,3443.63,5744700,540.56,557.65,537.2,554.09,5602500,1577.01,1585.16,1558.63,1567.07,1953600,443.35,448.89,436.6,446.65,34463700
10/14/2020,277.62,278.75,271.5,271.82,15601200,121,123.03,119.62,121.19,151062300,3447,3464.88,3340,3363.71,5828900,562.61,572.49,541,541.45,9510100,1574.6,1583.85,1545.9,1563.44,1659200,449.78,465.9,447.35,461.3,48045400
10/15/2020,267.6,269.04,263.67,266.72,15416100,118.72,121.2,118.15,120.71,112559200,3292.01,3355.88,3280,3338.65,5223400,545.52,551.22,535.1,541.94,5113100,1544.5,1571.4,1541.13,1555.47,1560500,450.31,456.57,442.5,448.88,35672400
10/16/2020,267.38,271.37,265.3,265.93,16622700,121.28,121.55,118.81,119.02,115393800,3363.23,3399.66,3160,3272.71,6474400,549.5,554.33,530.03,530.79,6347400,1561.83,1577.71,1557.66,1567.7,1709700,454.44,455.95,438.85,439.67,32775900
10/19/2020,265.53,268.55,259.88,261.4,13587000,119.96,120.42,115.66,115.98,120639300,3299.61,3329,3192.74,3207.21,5223600,537.07,541.8,525.38,530.72,7567500,1575.93,1583.93,1522.92,1529.95,1486700,446.24,447,428.87,430.83,36287800
10/20/2020,263.06,269.7,262.88,267.56,18684400,116.2,118.98,115.63,117.51,124004200,3222.28,3266,3192.01,3217.01,4495700,528.14,533.78,522.26,525.42,9930700,1523.11,1573.84,1520.5,1551.08,2083500,431.75,431.75,419.05,421.94,31444700
10/21/2020,279.56,283.05,276.37,278.73,28955400,116.67,118.71,116.45,116.87,89424000,3212.5,3233.88,3160,3184.94,4577500,501.03,506.85,488.25,489.05,17374700,1569.85,1615.14,1567.14,1585.99,3014900,422.7,432.95,421.25,422.64,31623000
10/22/2020,279.87,282.45,275.04,278.12,15696381,117.45,118.04,114.59,115.75,100137943,3189.87,3198.75,3121.94,3176.4,3978890,494.69,493.82,482,485.23,6741238,1585,1613.15,1577.48,1606.66,1408467,441.92,445.23,424.51,425.79,39030294
10/23/2020,278.8,285.24,276.82,284.79,17535200,116.39,116.55,114.28,115.04,82572600,3191,3205.33,3140,3204.4,3466700,488.11,490.06,481.35,488.28,4927900,1615.05,1634.12,1611.91,1632.98,1527400,421.84,422.89,407.38,420.63,33717000
10/26/2020,283.16,285.23,274.26,277.11,21322900,114.01,116.55,112.88,115.05,111850700,3198.74,3282.98,3153.3,3207.04,5901200,487.03,496.82,478.9,488.24,6186100,1615,1629.58,1567.78,1584.29,1791300,411.63,425.76,410,420.28,28239200
10/27/2020,278.76,284.51,276.31,283.29,16287200,115.49,117.28,114.54,116.6,92276800,3224.94,3291.66,3211.3,3286.33,4291000,490.01,490.49,482.93,488.93,3627200,1588.93,1602,1576.99,1598.88,1295100,423.76,430.5,420.1,424.68,22686500
10/28/2020,278.79,278.79,267.26,267.67,23121800,115.05,115.43,111.1,111.2,143937800,3249.3,3264.02,3162.47,3162.78,5588300,486.36,494,483.28,486.24,5992700,1550.01,1553.81,1508.48,1510.8,2258700,416.48,418.6,406,406.02,25451400
10/29/2020,276.55,283.6,273.78,280.83,32368100,112.37,116.93,112.2,115.32,146129200,3201.27,3257.25,3164,3211.01,6596500,488.5,513.9,479.34,504.21,11120700,1517.02,1588.74,1516.55,1556.88,2770300,409.96,418.06,406.46,410.83,22655300
10/30/2020,274.5,276.7,259.1,263.11,47247800,111.06,111.99,107.72,108.86,190272600,3157.75,3167,3019,3036.15,8386400,502.01,505.88,472.21,475.74,7807900,1667.44,1681.32,1601.57,1616.11,4993900,406.9,407.59,379.11,388.04,42511300
11/2/2020,264.6,270.47,257.34,261.36,27133400,109.11,110.68,107.32,108.77,122515100,3061.74,3079.71,2950.12,3004.48,7241400,478.87,486.3,475,484.12,4399200,1623.54,1658.24,1614.24,1624.32,2208700,394,406.98,392.3,400.51,28918100
11/3/2020,263.16,270.05,260.89,265.3,17130883,109.66,111.46,108.73,110.44,104027423,3018.53,3074.9,2981.12,3048.41,4739013,484.93,495.3,479.72,487.22,3493563,1630.76,1659,1612.11,1645.66,1440330,409.73,427.76,406.69,423.9,33671650
11/4/2020,281,288.94,278.62,287.38,35364400,113.94,115.39,112.16,114.75,138235500,3159.99,3244.85,3139.73,3241.16,6839000,495.36,507.73,493.98,496.95,5137300,1705.58,1770.03,1703,1745.85,3567100,430.62,435.4,417.1,420.98,32143100
11/5/2020,291.9,297.38,288.95,294.68,23823600,117.75,119.41,116.67,118.82,126387100,3319.97,3366.8,3288.88,3322,5789300,506.56,518.73,503.45,513.76,5372800,1770.45,1791.82,1741.03,1762.5,1987900,428.3,440,424,438.09,28414500
11/6/2020,293.95,294.6,288.06,293.41,13891000,118.32,119.2,116.13,118.69,114457900,3304.64,3322,3232,3311.37,4647300,515,515.21,502.51,514.73,4236300,1751.34,1768.5,1736.68,1759.73,1431100,436.1,436.57,424.28,429.95,21706000
11/9/2020,289.87,292.58,278.53,278.77,25117700,120.5,121.99,116.05,116.32,154515300,3231.03,3289,3112.11,3143.74,7190400,485.54,495.85,467.26,470.5,10419700,1795.98,1816.89,1757.55,1761.42,2672000,439.5,452.5,421,421.26,34833000
11/10/2020,273.1,274,264,272.43,29067700,115.55,117.59,114.13,115.97,138023400,3095.02,3114,3019.48,3035.02,6591000,470.95,484.6,463.41,480.24,8306100,1729.77,1759.38,1716.12,1737.72,2151100,420.09,420.09,396.03,410.36,30284200
11/11/2020,273.47,278.4,272.48,276.48,14957000,117.19,119.63,116.44,119.49,112295000,3061.78,3139.15,3050,3137.39,4366900,483,491.68,478.26,490.76,5460500,1748.4,1762.9,1743.06,1747.23,1591900,416.45,418.7,410.58,417.13,17357700
11/12/2020,277.18,279.75,274.43,275.08,12899500,119.62,120.53,118.57,119.21,103162300,3159.95,3175.88,3086.05,3110.28,4362000,491,496.52,480.43,486.77,5063700,1742,1764.98,1737.97,1742.82,1323700,415.05,423,409.52,411.76,19855100
11/13/2020,277.72,277.76,273.1,276.95,10391200,119.44,119.67,117.87,119.26,81581900,3122,3141.72,3085.39,3128.81,3756200,486.77,488.94,477.8,482.84,3002700,1748,1777.13,1735.98,1772.26,1487200,410.85,412.53,401.66,408.5,19771100
